	AAPL	SPY	TSLA	RBLX	R	ROL
AAPL	0.0034817624562876737	0.0007863067245441198	0.0031047324255972604	-0.00047850741238119823	0.0014634183611841522	0.00019695225263821915
SPY	0.0007863067245441198	0.0012435652029290764	0.002321930615403932	0.0015911648632690387	0.0016741726775644416	0.0007146864785949159
TSLA	0.0031047324255972604	0.002321930615403932	0.025547798699233095	0.006711516976014178	0.004579944122950655	0.0002591189556110566
RBLX	-0.00047850741238119823	0.0015911648632690387	0.006711516976014178	0.017919979166878364	0.002471583784582444	4.927408977559127e-05
R	0.0014634183611841522	0.0016741726775644416	0.004579944122950655	0.002471583784582444	0.004685520591265821	0.0008054871422199125
ROL	0.00019695225263821915	0.0007146864785949159	0.0002591189556110566	4.927408977559127e-05	0.0008054871422199125	0.0019797736603840085
