	AAPL	SPY	TSLA	RBLX	R	ROL
AAPL	0.0034817641583759725	0.0007863106026107699	0.003104738770362185	-0.0004785079182616445	0.00146342202592409	0.00019695332160291144
SPY	0.0007863106026107699	0.001243566360312737	0.002321930591898611	0.0015911610962517865	0.001674172936567419	0.000714685094045247
TSLA	0.003104738770362185	0.002321930591898611	0.025547798699233095	0.006711516976014178	0.004579943540026071	0.0002591112344766916
RBLX	-0.0004785079182616445	0.0015911610962517865	0.006711516976014178	0.017919979166878364	0.002471583769454026	4.927158467984362e-05
R	0.00146342202592409	0.001674172936567419	0.004579943540026071	0.002471583769454026	0.0046855215920629635	0.0008054864903195222
ROL	0.00019695332160291144	0.000714685094045247	0.0002591112344766916	4.927158467984362e-05	0.0008054864903195222	0.0019797729273764064
