asset	estimated_return
AAPL	0.016169904048073624
SPY	0.019109958557885984
TSLA	0.024839763557959606
RBLX	0.07252421838379043
R	0.02806367301909927
ROL	0.019742970548961795
