	AAPL	SPY	TSLA	RBLX	R	ROL
AAPL	0.0034817655239280446	0.0007863078291208699	0.0031047373890362323	-0.0004785056577993297	0.0014634213692729682	0.00019695372659673534
SPY	0.0007863078291208699	0.0012435653686206272	0.002321926330922014	0.0015911635805912767	0.0016741731320127806	0.0007146863692509227
TSLA	0.0031047373890362323	0.002321926330922014	0.025547798699233095	0.006711516976014178	0.00457994563459005	0.0002591196591622661
RBLX	-0.0004785056577993297	0.0015911635805912767	0.006711516976014178	0.017919979166878364	0.002471585333474799	4.927297216468079e-05
R	0.0014634213692729682	0.0016741731320127806	0.00457994563459005	0.002471585333474799	0.004685522868265056	0.0008054900589936635
ROL	0.00019695372659673534	0.0007146863692509227	0.0002591196591622661	4.927297216468079e-05	0.0008054900589936635	0.001979774374463631
