asset	estimated_return
AAPL	0.016169893389840317
SPY	0.019109955971327613
TSLA	0.024839763557959606
RBLX	0.07252421838379043
R	0.028063673541526307
ROL	0.019742974704324706
