asset	estimated_return
AAPL	0.01616989780492553
SPY	0.019109955579730473
TSLA	0.024839763557959606
RBLX	0.07252421838379043
R	0.028063674106707237
ROL	0.019742966415018465
