asset	estimated_return
AAPL	0.01436423409204085
SPY	0.018538299271400605
TSLA	0.023695354361535245
RBLX	0.07208277307510173
R	0.027670380270639176
ROL	0.019602949694306312
