asset	allocation
AAPL	4.041281509029247e-10
SPY	3.5630920313265466e-10
TSLA	1.8353241866177618e-10
RBLX	0.9999999986989928
R	1.397316955722275e-11
ROL	3.430645080090083e-10
