asset	allocation
AAPL	4.0412801864792567e-10
SPY	3.5630908814647024e-10
TSLA	1.8353235446872136e-10
RBLX	0.999999998698993
R	1.3973168790693656e-11
ROL	3.430643613638169e-10
