asset	allocation
AAPL	0.15794878655570654
SPY	0.5204794736808935
TSLA	-1.6360174161212977e-19
RBLX	0.013700896054195942
R	-1.6715658591647805e-19
ROL	0.3078708437092041
