asset	allocation
AAPL	0.15794920441023175
SPY	0.5204789626331675
TSLA	-1.6360369428625843e-19
RBLX	0.013700885705923198
R	-1.671567737023267e-19
ROL	0.30787094725067754
