state	expected_discomfort
exposed-1	0.7491647930150531
exposed-2	1.4986889192678159
exposed-3	2.9979439870336204
recovered	-0.0
symptoms-1	5.996778913019338
symptoms-2	4.499579858219914
symptoms-3	1.499973182439569
