state	expected_sick_days
exposed-1	2.9992441271238226
exposed-2	3.9988814852380736
exposed-3	5.998347302873183
recovered	-0.0
symptoms-1	9.997561423695267
symptoms-2	6.666367734909503
symptoms-3	3.3333152943479867
