asset	allocation
AAPL	0.15794875141828194
SPY	0.5204781941115275
TSLA	-1.6360171811686913e-19
RBLX	0.013701124366508634
R	-1.6715529322586523e-19
ROL	0.307871930103682
