action	min_reward	mean_reward	max_reward
0	0.0	0.48283968745257544	2.919148362913289
1	0.0	0.5278010140211346	2.721972422134206
2	0.0	0.21168422432949197	0.999232931921394
