action	min_reward	mean_reward	max_reward
0	0.0	0.4411704731397999	2.9889216151840223
1	0.0	0.46793918226735776	3.76146119165972
2	0.0	0.4214158318537107	2.707421950056615
