action	min_reward	mean_reward	max_reward
0	0.0	0.5770614122219206	3.76146119165972
1	0.0	0.49531344971834923	2.919148362913289
2	0.0	0.2983931916100894	1.901337886398472
