strategy	regret
uniform	120.3593720867338
just-0	44.961326568559116
just-1	0.0
just-2	316.11678969164257
actual	180.54959695200137
