strategy	regret
uniform	130.109579689665
just-0	0.0
just-1	24.759595811550298
just-2	365.5691432574447
actual	90.454308240464
